ESTRATEGIA SEO ALUMINIOS NAVARRO 2025,,,,,,,,,,,,,,,,,,,,,,
,,,,,,,,,,,,,,,,,,,,,,
KEYWORD,,,,COMPETENCIA,BÚSQUEDAS/MES,Usada,USOS,OPTIMIZACION,SerpReports,Observaciones,ENERO,FEBRERO,MARZO,ABRIL,MAYO,JUNIO,JULIO,AGOSTO,SEPTIEMBRE,OCTUBRE,NOVIEMBRE,DICIEMBRE
,,,,,,,,,,,,,,,,,,,,,,
carpinteria de aluminio en madrid,,,,Muy baja (19),150,https://aluminiosnavarro.es/,Home,Optimizada,Registrada,,,,,,,,,,,,,
carpinteria de aluminio,,,,Muy baja (18),7500,https://aluminiosnavarro.es/,,LISTO,NO REGISTRADA,,,,,,,,,,,,,
carpinteria metalica ,,,,Muy muy baja (9),11000,https://aluminiosnavarro.es/,,LISTO,NO REGISTRADA,,,,,,,,,,,,,
carpinteria metalica madrid,,,,Muy baja (16),520,https://aluminiosnavarro.es/,,LISTO,Registrada,,,,,,,,,,,,,
carpinteria de aluminio madrid,,,,Baja (23),420,https://aluminiosnavarro.es/,,LISTO,Registrada,,,,,,,,,,,,,
cerramientos aluminio madrid,,,,Baja (21),50,https://aluminiosnavarro.es/,,LISTO,Registrada,,,,,,,,,,,,,
cerramientos de aluminio en madrid,,,,Baja (21),40,https://aluminiosnavarro.es/,,LISTO,Registrada,,,,,,,,,,,,,
,,,,,,,,,,,,,,,,,,,,,,
carpinteria de aluminio en alcala de henares,,,,Muy baja (18),100,https://aluminiosnavarro.es/carpinteria-de-aluminio-en-alcala-de-henares/,,LISTO,Registrada,,,,,,,,,,,,,
carpinteria de aluminio en coslada,,,,Muy muy baja (11),30,,,Registrada,,,,,,,,,,,,,,
