Keyword for: (aluminiosnavarro.es),www.google.es current position,Found SERP,Best Position,First Position,Local Search Volume (ES),Global Search Volume,CPC (ES),CPC (Global),CMP (ES),CMP (Global)
carpinteria metalica madrid,,,23,,320,390,2.84,2.84,54,54
carpinteria de aluminio madrid,35,https://aluminiosnavarro.es/,14,20,140,170,1.66,1.65,61,62
carpinteria de aluminio en madrid,23,https://aluminiosnavarro.es/,12,19,70,90,1.83,1.83,45,45
cerramientos de terrazas en madrid,,,7,,210,210,5.68,5.68,29,27
cerramientos terrazas madrid,,,6,,260,260,11.06,11.06,37,35
cerramientos aluminio madrid,37,https://aluminiosnavarro.es/,12,49,30,30,4.22,4.22,56,56
techos moviles en madrid,15,https://aluminiosnavarro.es/techos-moviles-y-legalidad-como-ganar-metros-en-tu-terraza-en-madrid-sin-necesidad-de-obra-mayor/,9,19,50,50,5.76,5.76,38,38
toldos baratos madrid,36,https://aluminiosnavarro.es/toldos-en-madrid/,13,,260,260,3.18,3.17,100,100
instalacion de toldos en madrid,,,18,,110,110,5.09,5.09,69,69
empresas de toldos en madrid,,,13,79,90,90,3.3,3.33,90,90
pergolas madrid,,,8,,260,260,5.58,5.42,100,100
pergolas bioclimaticas madrid,,,15,,320,320,4.17,4.17,100,100
pergolas en madrid,,,9,92,110,110,3.25,3.22,100,100
pergolas de aluminio en madrid,,,9,21,10,10,6.37,6.37,76,76
pergolas bioclimaticas en madrid,,,13,,50,50,4.25,4.23,100,100
ventanas pvc madrid,,,21,,390,480,5.54,5.46,66,61
ventanas de aluminio en madrid,,,16,51,110,140,4.19,3.33,51,48
ventanas de pvc en madrid,,,31,,110,140,7.23,7.23,32,28
instalacion de ventanas madrid,,,19,49,30,40,3.03,3.03,53,53
cortinas de cristal en madrid,,,17,,170,170,4.82,4.82,46,46
carpinteria de aluminio en torrejon de ardoz,23,https://aluminiosnavarro.es/cerramientos-de-aluminio-en-torrejon-de-ardoz/,12,,10,10,-,-,25,25
cerramientos de aluminio en torrejon de ardoz,19,https://aluminiosnavarro.es/cerramientos-de-aluminio-en-torrejon-de-ardoz/,3,22,10,10,-,-,-,-
persianas torrejon de ardoz,25,https://aluminiosnavarro.es/persianas-torrejon-de-ardoz/,3,,70,70,3.66,3.66,82,72
toldos en torrejon de ardoz,32,https://aluminiosnavarro.es/lonas-y-toldos-en-torrejon-de-ardoz/,5,,260,260,1.83,1.83,67,67
pergolas torrejon de ardoz,21,https://aluminiosnavarro.es/pergolas-en-torrejon-de-ardoz/,1,,10,10,4.17,4.17,100,100
ventanas torrejon de ardoz,25,https://aluminiosnavarro.es/puertas-y-ventanas-en-torrejon-de-ardoz/,4,,40,40,3.13,3.13,79,79
ventanas pvc torrejon de ardoz,26,https://aluminiosnavarro.es/puertas-y-ventanas-en-torrejon-de-ardoz/,5,,20,20,3.5,3.5,79,79
ventanas de aluminio en torrejon de ardoz,26,https://aluminiosnavarro.es/puertas-y-ventanas-en-torrejon-de-ardoz/,3,,10,10,-,-,60,60
toldos en paracuellos del jarama,10,https://aluminiosnavarro.es/toldos-en-paracuellos-del-jarama/,3,,10,10,1.74,1.74,71,71
carpinteria de aluminio en alcala de henares,20,https://aluminiosnavarro.es/carpinteria-de-aluminio-en-alcala-de-henares/,5,,40,40,1.49,1.49,75,75
cerramientos de aluminio en alcala de henares,15,https://aluminiosnavarro.es/cerramientos-de-aluminio-en-alcala-de-henares/,6,,10,10,-,-,-,-
toldos en alcala de henares,38,https://aluminiosnavarro.es/toldos-en-alcala-de-henares/,15,,480,480,2.29,2.29,90,90
ventanas de aluminio en alcala de henares,33,https://aluminiosnavarro.es/ventanas-de-aluminio-en-alcala-de-henares/,5,,30,30,3.13,3.13,40,40
ventanas pvc alcala de henares,34,https://aluminiosnavarro.es/ventanas-de-aluminio-en-alcala-de-henares/,8,,20,20,-,-,89,89
toldos en coslada,32,https://aluminiosnavarro.es/toldos-en-coslada/,12,,210,210,3.01,3,58,58
toldos en san fernando de henares,13,https://aluminiosnavarro.es/toldos-en-san-fernando-de-henares/,4,,40,40,3.36,3.36,82,82
cerramientos de terrazas,,,41,,2900,3600,1.6,1.57,100,100
carpinteria aluminio alcala de henares,26,https://aluminiosnavarro.es/carpinteria-de-aluminio-en-alcala-de-henares/,8,10,40,40,1.3,1.3,47,47
carpinteria aluminio Madrid,36,https://aluminiosnavarro.es/,12,21,110,140,2.19,2.16,72,71
carpinteria de aluminio alcala de henares,25,https://aluminiosnavarro.es/carpinteria-de-aluminio-en-alcala-de-henares/,10,12,40,40,1.3,1.3,47,47
aluminios navarro,1,https://aluminiosnavarro.es/,1,1,110,110,1.06,2.35,8,9
toldos en coslada y san Fernando,24,https://aluminiosnavarro.es/toldos-en-coslada/,5,9,40,40,2,2,93,93
ventanas de aluminio alcala de henares,20,https://aluminiosnavarro.es/ventanas-de-aluminio-en-alcala-de-henares/,5,7,30,30,3.13,3.13,40,40
cortinas de cristal en guadalajara,34,https://aluminiosnavarro.es/cerramientos-de-aluminio-en-guadalajara/,1,44,10,10,-,-,-,-
cortinas de cristal getafe,6,https://aluminiosnavarro.es/cortinas-de-cristal-getafe/,2,,10,10,2.22,2.22,100,100
aluminio torrejon de ardoz,20,https://aluminiosnavarro.es/cerramientos-de-aluminio-en-torrejon-de-ardoz/,8,9,50,50,0.71,0.71,44,42
persianas en torrejon de ardoz,28,https://aluminiosnavarro.es/persianas-torrejon-de-ardoz/,7,7,70,70,3.66,3.66,82,72
ventanas de aluminio Guadalajara,,,12,16,20,170,1.11,0.63,32,67
pergolas en Guadalajara,7,https://aluminiosnavarro.es/pergolas-en-guadalajara/,3,8,110,320,1.39,0.77,100,100
aluminios torrejon de ardoz,16,https://aluminiosnavarro.es/cerramientos-de-aluminio-en-torrejon-de-ardoz/,11,17,50,50,0.86,0.81,37,37
cerramientos de aluminios,33,https://aluminiosnavarro.es/tipos-de-cerramientos-de-aluminio-en-madrid/,10,39,1000,3600,1.2,0.9,99,80
persianas de aluminio en madrid,23,https://aluminiosnavarro.es/persianas-de-aluminio-en-madrid/,9,9,10,10,0.49,0.49,67,67
